# t, x, y, z
0.000,0.0000,0.0000,0.0000
0.050,0.0000,0.0000,0.0000
0.100,0.0000,0.0000,0.0000
0.150,0.0000,0.0000,0.0000
0.200,0.0000,0.0000,0.0000
0.250,0.0000,0.0000,0.0000
0.300,0.0000,0.0000,0.0000
0.350,0.0000,0.0000,0.0000
0.400,0.0000,0.0000,0.0000
0.450,0.0000,0.0000,0.0000
0.500,0.0000,0.0000,0.0000
0.550,0.0000,0.0000,0.0000
0.600,0.0000,0.0000,0.0000
0.650,0.0000,0.0000,0.0000
0.700,0.0000,0.0000,0.0000
0.750,0.0000,0.0000,0.0000
0.800,0.0000,0.0000,0.0000
0.850,0.0000,0.0000,0.0000
0.900,0.0000,0.0000,0.0000
0.950,0.0000,0.0000,0.0000
1.000,0.0000,0.0000,0.0000
1.050,0.0000,0.0000,0.0000
1.100,0.0000,0.0000,0.0000
1.150,0.0002,0.0000,0.0021
1.200,0.0006,0.0000,0.0083
1.250,0.0013,0.0000,0.0180
1.300,0.0022,0.0000,0.0311
1.350,0.0034,0.0000,0.0471
1.400,0.0047,0.0000,0.0656
1.450,0.0062,0.0000,0.0863
1.500,0.0078,0.0000,0.1089
1.550,0.0095,0.0000,0.1329
1.600,0.0113,0.0000,0.1580
1.650,0.0131,0.0000,0.1838
1.700,0.0150,0.0000,0.2100
1.750,0.0169,0.0000,0.2362
1.800,0.0187,0.0000,0.2620
1.850,0.0205,0.0000,0.2871
1.900,0.0222,0.0000,0.3111
1.950,0.0238,0.0000,0.3337
2.000,0.0253,0.0000,0.3544
2.050,0.0273,0.0000,0.3729
2.100,0.0303,0.0001,0.3890
2.150,0.0343,0.0002,0.4020
2.200,0.0392,0.0004,0.4118
2.250,0.0449,0.0008,0.4179
2.300,0.0513,0.0013,0.4198
2.350,0.0585,0.0020,0.4195
2.400,0.0666,0.0029,0.4190
2.450,0.0755,0.0039,0.4185
2.500,0.0852,0.0051,0.4179
2.550,0.0956,0.0065,0.4173
2.600,0.1067,0.0081,0.4167
2.650,0.1183,0.0097,0.4162
2.700,0.1305,0.0114,0.4159
2.750,0.1432,0.0131,0.4159
2.800,0.1562,0.0149,0.4161
2.850,0.1696,0.0166,0.4166
2.900,0.1834,0.0182,0.4175
2.950,0.1973,0.0197,0.4187
3.000,0.2114,0.0210,0.4203
3.050,0.2257,0.0221,0.4220
3.100,0.2400,0.0229,0.4239
3.150,0.2543,0.0234,0.4259
3.200,0.2686,0.0236,0.4278
3.250,0.2827,0.0234,0.4296
3.300,0.2966,0.0228,0.4310
3.350,0.3104,0.0218,0.4320
3.400,0.3238,0.0204,0.4325
3.450,0.3368,0.0185,0.4323
3.500,0.3495,0.0163,0.4316
3.550,0.3617,0.0136,0.4302
3.600,0.3733,0.0106,0.4282
3.650,0.3844,0.0072,0.4256
3.700,0.3948,0.0035,0.4226
3.750,0.4045,-0.0004,0.4193
3.800,0.4134,-0.0045,0.4159
3.850,0.4215,-0.0087,0.4125
3.900,0.4287,-0.0130,0.4094
3.950,0.4350,-0.0174,0.4066
4.000,0.4402,-0.0216,0.4044
4.050,0.4444,-0.0257,0.4029
4.100,0.4475,-0.0296,0.4021
4.150,0.4494,-0.0332,0.4022
4.200,0.4500,-0.0365,0.4032
4.250,0.4500,-0.0394,0.4049
4.300,0.4500,-0.0420,0.4072
4.350,0.4500,-0.0443,0.4101
4.400,0.4500,-0.0462,0.4135
4.450,0.4500,-0.0477,0.4171
4.500,0.4500,-0.0489,0.4209
4.550,0.4500,-0.0496,0.4246
4.600,0.4500,-0.0500,0.4282
4.650,0.4500,-0.0499,0.4313
4.700,0.4500,-0.0495,0.4340
4.750,0.4500,-0.0486,0.4360
4.800,0.4500,-0.0473,0.4374
4.850,0.4500,-0.0457,0.4380
4.900,0.4500,-0.0437,0.4378
4.950,0.4500,-0.0413,0.4368
5.000,0.4500,-0.0386,0.4351
5.050,0.4500,-0.0356,0.4327
5.100,0.4500,-0.0323,0.4297
5.150,0.4500,-0.0288,0.4264
5.200,0.4500,-0.0250,0.4227
5.250,0.4500,-0.0210,0.4189
5.300,0.4500,-0.0168,0.4152
5.350,0.4498,-0.0125,0.4106
5.400,0.4491,-0.0071,0.4044
5.450,0.4483,-0.0001,0.3970
5.500,0.4478,0.0078,0.3887
5.550,0.4485,0.0141,0.3799
5.600,0.4509,0.0165,0.3709
5.650,0.4546,0.0135,0.3619
5.700,0.4590,0.0062,0.3532
5.750,0.4625,-0.0018,0.3450
5.800,0.4636,-0.0056,0.3375
5.850,0.4614,-0.0007,0.3307
5.900,0.4556,0.0147,0.3249
5.950,0.4471,0.0387,0.3201
6.000,0.4378,0.0655,0.3164
6.050,0.4300,0.0875,0.3138
6.100,0.4259,0.0975,0.3125
6.150,0.4269,0.0922,0.3126
6.200,0.4330,0.0729,0.3142
6.250,0.4426,0.0461,0.3162
6.300,0.4538,0.0197,0.3175
6.350,0.4641,0.0009,0.3180
6.400,0.4717,-0.0050,0.3177
6.450,0.4749,0.0034,0.3167
6.500,0.4732,0.0238,0.3149
6.550,0.4669,0.0505,0.3125
6.600,0.4572,0.0759,0.3095
6.650,0.4468,0.0916,0.3005
6.700,0.4387,0.0914,0.2810
6.750,0.4348,0.0742,0.2525
6.800,0.4362,0.0428,0.2165
6.850,0.4436,0.0032,0.1746
6.900,0.4562,-0.0366,0.1283
6.950,0.4726,-0.0691,0.0791
7.000,0.4907,-0.0890,0.0284
7.050,0.5080,-0.0943,-0.0222
7.100,0.5224,-0.0874,-0.0713
7.150,0.5321,-0.0738,-0.1000
7.200,0.5364,-0.0606,-0.1000
7.250,0.5353,-0.0548,-0.1000
7.300,0.5302,-0.0610,-0.1000
7.350,0.5225,-0.0804,-0.1000
7.400,0.5145,-0.1099,-0.1000
7.450,0.5245,-0.1179,-0.0500
7.500,0.5232,-0.1168,-0.0500
7.550,0.5220,-0.1159,-0.0500
7.600,0.5209,-0.1150,-0.0500
7.650,0.5200,-0.1143,-0.0500
7.700,0.5193,-0.1137,-0.0500
7.750,0.5186,-0.1132,-0.0500
7.800,0.5180,-0.1127,-0.0500
7.850,0.5176,-0.1123,-0.0500
7.900,0.5171,-0.1120,-0.0500
7.950,0.5168,-0.1117,-0.0500
8.000,0.5165,-0.1115,-0.0500
8.050,0.5162,-0.1113,-0.0500
8.100,0.5160,-0.1111,-0.0500
8.150,0.5158,-0.1109,-0.0500
8.200,0.5156,-0.1108,-0.0500
8.250,0.5155,-0.1107,-0.0500
8.300,0.5153,-0.1106,-0.0500
8.350,0.5152,-0.1105,-0.0500
8.400,0.5151,-0.1104,-0.0500
8.450,0.5150,-0.1103,-0.0500
8.500,0.5150,-0.1103,-0.0500
8.550,0.5149,-0.1102,-0.0500
8.600,0.5149,-0.1102,-0.0500
8.650,0.5148,-0.1102,-0.0500
8.700,0.5148,-0.1101,-0.0500
8.750,0.5147,-0.1101,-0.0500
8.800,0.5147,-0.1101,-0.0500
8.850,0.5147,-0.1101,-0.0500
8.900,0.5147,-0.1100,-0.0500
8.950,0.5147,-0.1100,-0.0500
9.000,0.5146,-0.1100,-0.0500
9.050,0.5146,-0.1100,-0.0500
9.100,0.5146,-0.1100,-0.0500
9.150,0.5146,-0.1100,-0.0500
9.200,0.5146,-0.1100,-0.0500
### takeoff time : 1.100
